{
  "version": 1,
  "author": "Anonymous maker",
  "editor": "wokwi",
  "parts": [
    { "type": "wokwi-esp32-devkit-v1", "id": "esp", "top": 4.8, "left": -127.69, "attrs": {} },
    {
      "type": "wokwi-led",
      "id": "led1",
      "top": -16.04,
      "left": 21.83,
      "attrs": { "color": "red" }
    },
    {
      "type": "wokwi-resistor",
      "id": "r1",
      "top": 41.63,
      "left": 48.17,
      "attrs": { "value": "100" }
    },
    {
      "type": "wokwi-pushbutton",
      "id": "btn1",
      "top": 161.4,
      "left": 61.73,
      "attrs": { "color": "darkblue" }
    }
  ],
  "connections": [
    [ "esp:TX0", "$serialMonitor:RX", "", [] ],
    [ "esp:RX0", "$serialMonitor:TX", "", [] ],
    [ "led1:A", "r1:1", "green", [ "v0" ] ],
    [ "led1:C", "esp:GND.1", "black", [ "v0" ] ],
    [ "r1:2", "esp:D2", "green", [ "v80.85", "h-3.49" ] ],
    [ "esp:GND.1", "btn1:1.l", "black", [ "h0" ] ],
    [ "esp:3V3", "btn1:2.l", "green", [ "v0" ] ],
    [ "btn1:1.r", "esp:D15", "green", [ "v0" ] ]
  ],
  "dependencies": {}
}