{
  "version": 1,
  "author": "sai charitha challa",
  "editor": "wokwi",
  "parts": [
    { "type": "wokwi-esp32-devkit-v1", "id": "esp", "top": 5.33, "left": -130.67, "attrs": {} },
    { "type": "wokwi-relay-module", "id": "relay1", "top": 136.07, "left": 158.93, "attrs": {} }
  ],
  "connections": [
    [ "esp:TX0", "$serialMonitor:RX", "", [] ],
    [ "esp:RX0", "$serialMonitor:TX", "", [] ],
    [ "relay1:GND", "esp:GND.1", "black", [ "h0" ] ],
    [ "relay1:VCC", "esp:VIN", "red", [ "h-44.76", "v-189", "h-265.33", "v197.33" ] ],
    [ "relay1:IN", "esp:D18", "green", [ "h0" ] ]
  ],
  "dependencies": {}
}